-- Test Fixtures Snapshot
-- Generated: 2026-01-06T14:08:30.109Z
--
-- This file is auto-generated by: npm run fixtures:snapshot
-- Do not edit manually.
--
-- Usage in CI:
--   1. Run seed first: npm run seed
--   2. Load fixtures: psql $DATABASE_URL < src/__tests__/fixtures/snapshot.sql
--

-- Clean existing fixture data before loading
TRUNCATE TABLE
  "_RowToTable",
  "_RevisionToTable",
  "Row",
  "Table",
  "Endpoint",
  "Revision",
  "Branch",
  "UserProject",
  "Project"
RESTART IDENTITY CASCADE;

DELETE FROM "UserOrganization" WHERE id NOT IN (
  SELECT uo.id FROM "UserOrganization" uo
  JOIN "User" u ON uo."userId" = u.id
  WHERE u."roleId" = 'systemAdmin' OR u."roleId" = 'systemFullApiRead'
);

DELETE FROM "Organization" WHERE id NOT IN (
  SELECT o.id FROM "Organization" o
  JOIN "UserOrganization" uo ON o.id = uo."organizationId"
  JOIN "User" u ON uo."userId" = u.id
  WHERE u."roleId" = 'systemAdmin' OR u."roleId" = 'systemFullApiRead'
) AND id NOT IN ('__system');

DELETE FROM "User" WHERE "roleId" NOT IN ('systemAdmin', 'systemFullApiRead');

-- Fixture data starts here

--
-- PostgreSQL database dump
--

\restrict KdUbssJFxiD8gOCnixtHkScbReTkXnl5zhhUynUgh9Ua7vL0oRbVmLMp7ed5T6D

-- Dumped from database version 15.4 (Debian 15.4-2.pgdg120+1)
-- Dumped by pg_dump version 17.6 (Homebrew)

SET statement_timeout = 0;
SET lock_timeout = 0;
SET idle_in_transaction_session_timeout = 0;
SET transaction_timeout = 0;
SET client_encoding = 'UTF8';
SET standard_conforming_strings = on;
SELECT pg_catalog.set_config('search_path', '', false);
SET check_function_bodies = false;
SET xmloption = content;
SET client_min_messages = warning;
SET row_security = off;

--
-- Data for Name: Organization; Type: TABLE DATA; Schema: public; Owner: prisma
--

INSERT INTO public."Organization" VALUES ('admin', 'AznGXh3q');
INSERT INTO public."Organization" VALUES ('endpoint', 'Uwb417tF');
INSERT INTO public."Organization" VALUES ('WRRFGIJi_U0Wbv639wM-y', 'created-WRRFGIJi_U0Wbv639wM-y');
INSERT INTO public."Organization" VALUES ('1s3NYPiHnGEHGF8cin_Kp', 'created-1s3NYPiHnGEHGF8cin_Kp');


--
-- Data for Name: Project; Type: TABLE DATA; Schema: public; Owner: prisma
--

INSERT INTO public."Project" VALUES ('rWM6-8f56bquZ-3usXaKq', '2026-01-06 14:08:29.442', 'project-rWM6-8f56bquZ-3usXaKq', false, 'WRRFGIJi_U0Wbv639wM-y', false);
INSERT INTO public."Project" VALUES ('e9nTwNSDwStWUnFsNcNK8', '2026-01-06 14:08:29.538', 'project-e9nTwNSDwStWUnFsNcNK8', false, '1s3NYPiHnGEHGF8cin_Kp', false);
INSERT INTO public."Project" VALUES ('BBJDQzfTCoYMZtu0REOSC', '2026-01-06 14:08:29.559', 'public-BBJDQzfTCoYMZtu0REOSC', true, 'WRRFGIJi_U0Wbv639wM-y', false);
INSERT INTO public."Project" VALUES ('P1IBkdV7xEZlGVe8CHSTD', '2026-01-06 14:08:29.612', 'write-create-rows-P1IBkdV7xEZlGVe8CHSTD', false, 'WRRFGIJi_U0Wbv639wM-y', false);
INSERT INTO public."Project" VALUES ('cGFDFy7Rm0swzcrYQMWU5', '2026-01-06 14:08:29.662', 'write-delete-table-cGFDFy7Rm0swzcrYQMWU5', false, 'WRRFGIJi_U0Wbv639wM-y', false);
INSERT INTO public."Project" VALUES ('gvTjspeUtrqyq_dwsgcIC', '2026-01-06 14:08:29.703', 'write-update-table-gvTjspeUtrqyq_dwsgcIC', false, 'WRRFGIJi_U0Wbv639wM-y', false);
INSERT INTO public."Project" VALUES ('nBvhRJyafe-crIgK5KIaY', '2026-01-06 14:08:29.756', 'write-rename-table-nBvhRJyafe-crIgK5KIaY', false, 'WRRFGIJi_U0Wbv639wM-y', false);
INSERT INTO public."Project" VALUES ('2wQqWimv83V3MtxzYUMTu', '2026-01-06 14:08:29.795', 'write-delete-rows-2wQqWimv83V3MtxzYUMTu', false, 'WRRFGIJi_U0Wbv639wM-y', false);
INSERT INTO public."Project" VALUES ('mN5oP6qR7sT8uV9wX0yZ1', '2026-01-06 14:08:29.846', 'write-update-rows-mN5oP6qR7sT8uV9wX0yZ1', false, 'WRRFGIJi_U0Wbv639wM-y', false);
INSERT INTO public."Project" VALUES ('kL2mN3oP4qR5sT6uV7wX8', '2026-01-06 14:08:29.9', 'write-patch-rows-kL2mN3oP4qR5sT6uV7wX8', false, 'WRRFGIJi_U0Wbv639wM-y', false);


--
-- Data for Name: Branch; Type: TABLE DATA; Schema: public; Owner: prisma
--

INSERT INTO public."Branch" VALUES ('Gp_nyOcSh2LftadgBxdwo', '2026-01-06 14:08:29.444', true, 'master', 'rWM6-8f56bquZ-3usXaKq');
INSERT INTO public."Branch" VALUES ('KhszW1gezdlW-NeLvOPrm', '2026-01-06 14:08:29.539', true, 'master', 'e9nTwNSDwStWUnFsNcNK8');
INSERT INTO public."Branch" VALUES ('yCk8mP3qR7vNfWxL2sT1u', '2026-01-06 14:08:29.561', true, 'master', 'BBJDQzfTCoYMZtu0REOSC');
INSERT INTO public."Branch" VALUES ('EL8AuBS-iYv6dXV_h7nOT', '2026-01-06 14:08:29.613', true, 'master', 'P1IBkdV7xEZlGVe8CHSTD');
INSERT INTO public."Branch" VALUES ('AAIUklOzQsGLwpwNFlA3O', '2026-01-06 14:08:29.663', true, 'master', 'cGFDFy7Rm0swzcrYQMWU5');
INSERT INTO public."Branch" VALUES ('D9wXMR3bxq3yyjy_5YBi1', '2026-01-06 14:08:29.704', true, 'master', 'gvTjspeUtrqyq_dwsgcIC');
INSERT INTO public."Branch" VALUES ('l6UQJSqvle6_HNZK6Kaua', '2026-01-06 14:08:29.757', true, 'master', 'nBvhRJyafe-crIgK5KIaY');
INSERT INTO public."Branch" VALUES ('l9HcqPiV3GhQDjZrXtRKt', '2026-01-06 14:08:29.796', true, 'master', '2wQqWimv83V3MtxzYUMTu');
INSERT INTO public."Branch" VALUES ('aB2cD3eF4gH5iJ6kL7mN8', '2026-01-06 14:08:29.847', true, 'master', 'mN5oP6qR7sT8uV9wX0yZ1');
INSERT INTO public."Branch" VALUES ('yZ9aB0cD1eF2gH3iJ4kL5', '2026-01-06 14:08:29.901', true, 'master', 'kL2mN3oP4qR5sT6uV7wX8');


--
-- Data for Name: Revision; Type: TABLE DATA; Schema: public; Owner: prisma
--

INSERT INTO public."Revision" VALUES ('E6WrA7L_B93MNN42dIg3Q', 1, '2026-01-06 14:08:29.447', '', true, false, true, false, 'Gp_nyOcSh2LftadgBxdwo', NULL);
INSERT INTO public."Revision" VALUES ('n8aMmbBqYplfL7O7WLc8P', 2, '2026-01-06 14:08:29.45', '', false, true, false, true, 'Gp_nyOcSh2LftadgBxdwo', 'E6WrA7L_B93MNN42dIg3Q');
INSERT INTO public."Revision" VALUES ('DUkYPC-rnytE3Uh1ArHTp', 3, '2026-01-06 14:08:29.54', '', true, false, true, false, 'KhszW1gezdlW-NeLvOPrm', NULL);
INSERT INTO public."Revision" VALUES ('jollGC7SQjUst4nlp8CXE', 4, '2026-01-06 14:08:29.542', '', false, true, false, true, 'KhszW1gezdlW-NeLvOPrm', 'DUkYPC-rnytE3Uh1ArHTp');
INSERT INTO public."Revision" VALUES ('aB9cD4eF5gH6iJ7kL8mN0', 5, '2026-01-06 14:08:29.562', '', true, false, true, false, 'yCk8mP3qR7vNfWxL2sT1u', NULL);
INSERT INTO public."Revision" VALUES ('pQ1rS2tU3vW4xY5zA6bC7', 6, '2026-01-06 14:08:29.563', '', false, true, false, true, 'yCk8mP3qR7vNfWxL2sT1u', 'aB9cD4eF5gH6iJ7kL8mN0');
INSERT INTO public."Revision" VALUES ('QZNj6GXGDgrg5sITsPE9O', 7, '2026-01-06 14:08:29.614', '', true, false, true, false, 'EL8AuBS-iYv6dXV_h7nOT', NULL);
INSERT INTO public."Revision" VALUES ('2fh7DsyGgpwRE3fQ0GT8a', 8, '2026-01-06 14:08:29.615', '', false, true, false, true, 'EL8AuBS-iYv6dXV_h7nOT', 'QZNj6GXGDgrg5sITsPE9O');
INSERT INTO public."Revision" VALUES ('rK-oGa5s1A8a8uT7Qy5bY', 9, '2026-01-06 14:08:29.664', '', true, false, true, false, 'AAIUklOzQsGLwpwNFlA3O', NULL);
INSERT INTO public."Revision" VALUES ('Bg7MWbyznSfdNViuXlzE1', 10, '2026-01-06 14:08:29.665', '', false, true, false, true, 'AAIUklOzQsGLwpwNFlA3O', 'rK-oGa5s1A8a8uT7Qy5bY');
INSERT INTO public."Revision" VALUES ('E-u1LVafQ6jo75IYCDnQr', 11, '2026-01-06 14:08:29.705', '', true, false, true, false, 'D9wXMR3bxq3yyjy_5YBi1', NULL);
INSERT INTO public."Revision" VALUES ('0IrNgXtPLYu0fidXPywDw', 12, '2026-01-06 14:08:29.706', '', false, true, false, true, 'D9wXMR3bxq3yyjy_5YBi1', 'E-u1LVafQ6jo75IYCDnQr');
INSERT INTO public."Revision" VALUES ('nPZ9gwvHnZl8DQet_JNq3', 13, '2026-01-06 14:08:29.758', '', true, false, true, false, 'l6UQJSqvle6_HNZK6Kaua', NULL);
INSERT INTO public."Revision" VALUES ('-sm02t97UULO9qi95xrKv', 14, '2026-01-06 14:08:29.759', '', false, true, false, true, 'l6UQJSqvle6_HNZK6Kaua', 'nPZ9gwvHnZl8DQet_JNq3');
INSERT INTO public."Revision" VALUES ('xR2sT3uV4wX5yZ6aB7cD8', 15, '2026-01-06 14:08:29.798', '', true, false, true, false, 'l9HcqPiV3GhQDjZrXtRKt', NULL);
INSERT INTO public."Revision" VALUES ('eF9gH0iJ1kL2mN3oP4qR5', 16, '2026-01-06 14:08:29.799', '', false, true, false, true, 'l9HcqPiV3GhQDjZrXtRKt', 'xR2sT3uV4wX5yZ6aB7cD8');
INSERT INTO public."Revision" VALUES ('oP9qR0sT1uV2wX3yZ4aB5', 17, '2026-01-06 14:08:29.848', '', true, false, true, false, 'aB2cD3eF4gH5iJ6kL7mN8', NULL);
INSERT INTO public."Revision" VALUES ('cD6eF7gH8iJ9kL0mN1oP2', 18, '2026-01-06 14:08:29.85', '', false, true, false, true, 'aB2cD3eF4gH5iJ6kL7mN8', 'oP9qR0sT1uV2wX3yZ4aB5');
INSERT INTO public."Revision" VALUES ('mN6oP7qR8sT9uV0wX1yZ2', 19, '2026-01-06 14:08:29.903', '', true, false, true, false, 'yZ9aB0cD1eF2gH3iJ4kL5', NULL);
INSERT INTO public."Revision" VALUES ('aB3cD4eF5gH6iJ7kL8mN9', 20, '2026-01-06 14:08:29.904', '', false, true, false, true, 'yZ9aB0cD1eF2gH3iJ4kL5', 'mN6oP7qR8sT9uV0wX1yZ2');


--
-- Data for Name: Endpoint; Type: TABLE DATA; Schema: public; Owner: prisma
--

INSERT INTO public."Endpoint" VALUES ('endpoint-rest-E6WrA7L_B93MNN42dIg3Q', '2026-01-06 14:08:29.468', 'REST_API', 'E6WrA7L_B93MNN42dIg3Q', false, 'REST_API-1');
INSERT INTO public."Endpoint" VALUES ('endpoint-gql-n8aMmbBqYplfL7O7WLc8P', '2026-01-06 14:08:29.474', 'GRAPHQL', 'n8aMmbBqYplfL7O7WLc8P', false, 'GRAPHQL-1');
INSERT INTO public."Endpoint" VALUES ('endpoint-rest-DUkYPC-rnytE3Uh1ArHTp', '2026-01-06 14:08:29.552', 'REST_API', 'DUkYPC-rnytE3Uh1ArHTp', false, 'REST_API-1');
INSERT INTO public."Endpoint" VALUES ('endpoint-gql-jollGC7SQjUst4nlp8CXE', '2026-01-06 14:08:29.556', 'GRAPHQL', 'jollGC7SQjUst4nlp8CXE', false, 'GRAPHQL-1');
INSERT INTO public."Endpoint" VALUES ('endpoint-rest-aB9cD4eF5gH6iJ7kL8mN0', '2026-01-06 14:08:29.574', 'REST_API', 'aB9cD4eF5gH6iJ7kL8mN0', false, 'REST_API-1');
INSERT INTO public."Endpoint" VALUES ('endpoint-gql-pQ1rS2tU3vW4xY5zA6bC7', '2026-01-06 14:08:29.579', 'GRAPHQL', 'pQ1rS2tU3vW4xY5zA6bC7', false, 'GRAPHQL-1');
INSERT INTO public."Endpoint" VALUES ('endpoint-rest-QZNj6GXGDgrg5sITsPE9O', '2026-01-06 14:08:29.625', 'REST_API', 'QZNj6GXGDgrg5sITsPE9O', false, 'REST_API-1');
INSERT INTO public."Endpoint" VALUES ('endpoint-gql-2fh7DsyGgpwRE3fQ0GT8a', '2026-01-06 14:08:29.63', 'GRAPHQL', '2fh7DsyGgpwRE3fQ0GT8a', false, 'GRAPHQL-1');
INSERT INTO public."Endpoint" VALUES ('endpoint-rest-rK-oGa5s1A8a8uT7Qy5bY', '2026-01-06 14:08:29.676', 'REST_API', 'rK-oGa5s1A8a8uT7Qy5bY', false, 'REST_API-1');
INSERT INTO public."Endpoint" VALUES ('endpoint-gql-Bg7MWbyznSfdNViuXlzE1', '2026-01-06 14:08:29.68', 'GRAPHQL', 'Bg7MWbyznSfdNViuXlzE1', false, 'GRAPHQL-1');
INSERT INTO public."Endpoint" VALUES ('endpoint-rest-E-u1LVafQ6jo75IYCDnQr', '2026-01-06 14:08:29.717', 'REST_API', 'E-u1LVafQ6jo75IYCDnQr', false, 'REST_API-1');
INSERT INTO public."Endpoint" VALUES ('endpoint-gql-0IrNgXtPLYu0fidXPywDw', '2026-01-06 14:08:29.722', 'GRAPHQL', '0IrNgXtPLYu0fidXPywDw', false, 'GRAPHQL-1');
INSERT INTO public."Endpoint" VALUES ('endpoint-rest-nPZ9gwvHnZl8DQet_JNq3', '2026-01-06 14:08:29.77', 'REST_API', 'nPZ9gwvHnZl8DQet_JNq3', false, 'REST_API-1');
INSERT INTO public."Endpoint" VALUES ('endpoint-gql--sm02t97UULO9qi95xrKv', '2026-01-06 14:08:29.774', 'GRAPHQL', '-sm02t97UULO9qi95xrKv', false, 'GRAPHQL-1');
INSERT INTO public."Endpoint" VALUES ('endpoint-rest-xR2sT3uV4wX5yZ6aB7cD8', '2026-01-06 14:08:29.81', 'REST_API', 'xR2sT3uV4wX5yZ6aB7cD8', false, 'REST_API-1');
INSERT INTO public."Endpoint" VALUES ('endpoint-gql-eF9gH0iJ1kL2mN3oP4qR5', '2026-01-06 14:08:29.814', 'GRAPHQL', 'eF9gH0iJ1kL2mN3oP4qR5', false, 'GRAPHQL-1');
INSERT INTO public."Endpoint" VALUES ('endpoint-rest-oP9qR0sT1uV2wX3yZ4aB5', '2026-01-06 14:08:29.863', 'REST_API', 'oP9qR0sT1uV2wX3yZ4aB5', false, 'REST_API-1');
INSERT INTO public."Endpoint" VALUES ('endpoint-gql-cD6eF7gH8iJ9kL0mN1oP2', '2026-01-06 14:08:29.867', 'GRAPHQL', 'cD6eF7gH8iJ9kL0mN1oP2', false, 'GRAPHQL-1');
INSERT INTO public."Endpoint" VALUES ('endpoint-rest-mN6oP7qR8sT9uV0wX1yZ2', '2026-01-06 14:08:29.915', 'REST_API', 'mN6oP7qR8sT9uV0wX1yZ2', false, 'REST_API-1');
INSERT INTO public."Endpoint" VALUES ('endpoint-gql-aB3cD4eF5gH6iJ7kL8mN9', '2026-01-06 14:08:29.919', 'GRAPHQL', 'aB3cD4eF5gH6iJ7kL8mN9', false, 'GRAPHQL-1');


--
-- Data for Name: Row; Type: TABLE DATA; Schema: public; Owner: prisma
--

INSERT INTO public."Row" VALUES ('2M4XhEuTAgQsWJZqGrxxZ', 'schema-row-created-wrO0aSYi2w9JtHjbrQ5n3', 'wrO0aSYi2w9JtHjbrQ5n3', true, '2026-01-06 14:08:29.49', '2026-01-06 14:08:29.49', '{"type": "object", "required": ["ver"], "properties": {"ver": {"type": "number", "default": 0}}, "additionalProperties": false}', '[{"date": "2026-01-06T14:08:29.488Z", "hash": "e0a4410e5785220b2c91dc1a0a6bc441c3c67586", "patches": [{"op": "add", "path": "", "value": {"type": "object", "required": ["ver"], "properties": {"ver": {"type": "number", "default": 0}}, "additionalProperties": false}}]}]', 'e0a4410e5785220b2c91dc1a0a6bc441c3c67586', 'da81399c4de738b499d0038c59aee6c22b1ac651', '2026-01-06 14:08:29.49');
INSERT INTO public."Row" VALUES ('migration-row-ver-wrO0aSYi2w9JtHjbrQ5n3', 'migration-row-created-wrO0aSYi2w9JtHjbrQ5n3', 'migration-wrO0aSYi2w9JtHjbrQ5n3', true, '2026-01-06 14:08:29.5', '2026-01-06 14:08:29.5', '{"id": "2025-01-01T00:00:00.000Z", "hash": "e0a4410e5785220b2c91dc1a0a6bc441c3c67586", "schema": {"type": "object", "required": ["ver"], "properties": {"ver": {"type": "number", "default": 0}}, "additionalProperties": false}, "tableId": "wrO0aSYi2w9JtHjbrQ5n3", "changeType": "init"}', '{}', 'b54ac873284c394145290769ee2536ec9227fc40', '9c38033f32c114b3539c6577a27f7843d2ce3faa', '2025-01-01 00:00:00');
INSERT INTO public."Row" VALUES ('lXlpO_5Vo6xqf_RB6zOLk', 'created-FRN14lFK_lhz10BX4xNsC', 'FRN14lFK_lhz10BX4xNsC', true, '2026-01-06 14:08:29.504', '2026-01-06 14:08:29.504', '{"ver": 1}', '{}', 'a3a7750a754f5e34a35fe30b2254f578c8b4b7bb', 'e0a4410e5785220b2c91dc1a0a6bc441c3c67586', '2026-01-06 14:08:29.504');
INSERT INTO public."Row" VALUES ('dwli2JJoW6yp75T7xlHRt', 'created-FRN14lFK_lhz10BX4xNsC', 'FRN14lFK_lhz10BX4xNsC', false, '2026-01-06 14:08:29.504', '2026-01-06 14:08:29.512', '{"ver": 2}', '{}', '6b372791a9dc821f110bc79a800f8b0676a4b5f8', 'e0a4410e5785220b2c91dc1a0a6bc441c3c67586', '2026-01-06 14:08:29.504');
INSERT INTO public."Row" VALUES ('cD5eF6gH7iJ8kL9mN0oP1', 'created-XkMp9qR7sT3uV8wY2zA4b', 'XkMp9qR7sT3uV8wY2zA4b', true, '2026-01-06 14:08:29.517', '2026-01-06 14:08:29.517', '{"ver": 1}', '{}', 'a3a7750a754f5e34a35fe30b2254f578c8b4b7bb', 'e0a4410e5785220b2c91dc1a0a6bc441c3c67586', '2026-01-06 14:08:29.517');
INSERT INTO public."Row" VALUES ('qR2sT3uV4wX5yZ6aB7cD8', 'created-XkMp9qR7sT3uV8wY2zA4b', 'XkMp9qR7sT3uV8wY2zA4b', false, '2026-01-06 14:08:29.517', '2026-01-06 14:08:29.523', '{"ver": 2}', '{}', '6b372791a9dc821f110bc79a800f8b0676a4b5f8', 'e0a4410e5785220b2c91dc1a0a6bc441c3c67586', '2026-01-06 14:08:29.517');
INSERT INTO public."Row" VALUES ('sT6uV7wX8yZ9aB0cD1eF2', 'created-eF9gH0iJ1kL2mN3oP4qR5', 'eF9gH0iJ1kL2mN3oP4qR5', true, '2026-01-06 14:08:29.527', '2026-01-06 14:08:29.527', '{"ver": 1}', '{}', 'a3a7750a754f5e34a35fe30b2254f578c8b4b7bb', 'e0a4410e5785220b2c91dc1a0a6bc441c3c67586', '2026-01-06 14:08:29.527');
INSERT INTO public."Row" VALUES ('gH3iJ4kL5mN6oP7qR8sT9', 'created-eF9gH0iJ1kL2mN3oP4qR5', 'eF9gH0iJ1kL2mN3oP4qR5', false, '2026-01-06 14:08:29.527', '2026-01-06 14:08:29.534', '{"ver": 2}', '{}', '6b372791a9dc821f110bc79a800f8b0676a4b5f8', 'e0a4410e5785220b2c91dc1a0a6bc441c3c67586', '2026-01-06 14:08:29.527');
INSERT INTO public."Row" VALUES ('tU9vW0xY1zA2bC3dE4fG5', 'schema-row-created-dE8fG9hI0jK1lM2nO3pQ4', 'dE8fG9hI0jK1lM2nO3pQ4', true, '2026-01-06 14:08:29.593', '2026-01-06 14:08:29.593', '{"type": "object", "required": ["ver"], "properties": {"ver": {"type": "number", "default": 0}}, "additionalProperties": false}', '[{"date": "2026-01-06T14:08:29.592Z", "hash": "e0a4410e5785220b2c91dc1a0a6bc441c3c67586", "patches": [{"op": "add", "path": "", "value": {"type": "object", "required": ["ver"], "properties": {"ver": {"type": "number", "default": 0}}, "additionalProperties": false}}]}]', 'e0a4410e5785220b2c91dc1a0a6bc441c3c67586', 'da81399c4de738b499d0038c59aee6c22b1ac651', '2026-01-06 14:08:29.593');
INSERT INTO public."Row" VALUES ('migration-row-ver-dE8fG9hI0jK1lM2nO3pQ4', 'migration-row-created-dE8fG9hI0jK1lM2nO3pQ4', 'migration-dE8fG9hI0jK1lM2nO3pQ4', true, '2026-01-06 14:08:29.598', '2026-01-06 14:08:29.598', '{"id": "2025-01-01T00:00:00.000Z", "hash": "e0a4410e5785220b2c91dc1a0a6bc441c3c67586", "schema": {"type": "object", "required": ["ver"], "properties": {"ver": {"type": "number", "default": 0}}, "additionalProperties": false}, "tableId": "dE8fG9hI0jK1lM2nO3pQ4", "changeType": "init"}', '{}', '1d3d3d3c2cb1d3285fc1b66b9b25546898c53ea0', '9c38033f32c114b3539c6577a27f7843d2ce3faa', '2025-01-01 00:00:00');
INSERT INTO public."Row" VALUES ('vW3xY4zA5bC6dE7fG8hI9', 'created-hI6jK7lM8nO9pQ0rS1tU2', 'hI6jK7lM8nO9pQ0rS1tU2', true, '2026-01-06 14:08:29.601', '2026-01-06 14:08:29.601', '{"ver": 1}', '{}', 'a3a7750a754f5e34a35fe30b2254f578c8b4b7bb', 'e0a4410e5785220b2c91dc1a0a6bc441c3c67586', '2026-01-06 14:08:29.601');
INSERT INTO public."Row" VALUES ('jK0lM1nO2pQ3rS4tU5vW6', 'created-hI6jK7lM8nO9pQ0rS1tU2', 'hI6jK7lM8nO9pQ0rS1tU2', false, '2026-01-06 14:08:29.601', '2026-01-06 14:08:29.607', '{"ver": 2}', '{}', '6b372791a9dc821f110bc79a800f8b0676a4b5f8', 'e0a4410e5785220b2c91dc1a0a6bc441c3c67586', '2026-01-06 14:08:29.601');
INSERT INTO public."Row" VALUES ('1NdwbFXm03KCx4N5vKHhQ', 'schema-row-created-Ir9PUw13LoYKVMdb9TDSJ', 'Ir9PUw13LoYKVMdb9TDSJ', true, '2026-01-06 14:08:29.642', '2026-01-06 14:08:29.642', '{"type": "object", "required": ["ver"], "properties": {"ver": {"type": "number", "default": 0}}, "additionalProperties": false}', '[{"date": "2026-01-06T14:08:29.641Z", "hash": "e0a4410e5785220b2c91dc1a0a6bc441c3c67586", "patches": [{"op": "add", "path": "", "value": {"type": "object", "required": ["ver"], "properties": {"ver": {"type": "number", "default": 0}}, "additionalProperties": false}}]}]', 'e0a4410e5785220b2c91dc1a0a6bc441c3c67586', 'da81399c4de738b499d0038c59aee6c22b1ac651', '2026-01-06 14:08:29.642');
INSERT INTO public."Row" VALUES ('migration-row-ver-Ir9PUw13LoYKVMdb9TDSJ', 'migration-row-created-Ir9PUw13LoYKVMdb9TDSJ', 'migration-Ir9PUw13LoYKVMdb9TDSJ', true, '2026-01-06 14:08:29.646', '2026-01-06 14:08:29.646', '{"id": "2025-01-01T00:00:00.000Z", "hash": "e0a4410e5785220b2c91dc1a0a6bc441c3c67586", "schema": {"type": "object", "required": ["ver"], "properties": {"ver": {"type": "number", "default": 0}}, "additionalProperties": false}, "tableId": "Ir9PUw13LoYKVMdb9TDSJ", "changeType": "init"}', '{}', '8909968c8b21eee46e651e0bd9fda3606d347890', '9c38033f32c114b3539c6577a27f7843d2ce3faa', '2025-01-01 00:00:00');
INSERT INTO public."Row" VALUES ('c-vr5grVmT_mB6ucajIP2', 'created-gkCFd93zbXmj3IZH8lcZ7', 'gkCFd93zbXmj3IZH8lcZ7', true, '2026-01-06 14:08:29.65', '2026-01-06 14:08:29.65', '{"ver": 1}', '{}', 'a3a7750a754f5e34a35fe30b2254f578c8b4b7bb', 'e0a4410e5785220b2c91dc1a0a6bc441c3c67586', '2026-01-06 14:08:29.65');
INSERT INTO public."Row" VALUES ('UBmpglIY_izLFmjNXk_hB', 'created-gkCFd93zbXmj3IZH8lcZ7', 'gkCFd93zbXmj3IZH8lcZ7', false, '2026-01-06 14:08:29.65', '2026-01-06 14:08:29.656', '{"ver": 2}', '{}', '6b372791a9dc821f110bc79a800f8b0676a4b5f8', 'e0a4410e5785220b2c91dc1a0a6bc441c3c67586', '2026-01-06 14:08:29.65');
INSERT INTO public."Row" VALUES ('AeA0WjtvEgKaaicslfxX7', 'schema-row-created-uQM_TxjEYEYQFjf6JLJmZ', 'uQM_TxjEYEYQFjf6JLJmZ', true, '2026-01-06 14:08:29.694', '2026-01-06 14:08:29.694', '{"type": "object", "required": ["ver"], "properties": {"ver": {"type": "number", "default": 0}}, "additionalProperties": false}', '[{"date": "2026-01-06T14:08:29.693Z", "hash": "e0a4410e5785220b2c91dc1a0a6bc441c3c67586", "patches": [{"op": "add", "path": "", "value": {"type": "object", "required": ["ver"], "properties": {"ver": {"type": "number", "default": 0}}, "additionalProperties": false}}]}]', 'e0a4410e5785220b2c91dc1a0a6bc441c3c67586', 'da81399c4de738b499d0038c59aee6c22b1ac651', '2026-01-06 14:08:29.694');
INSERT INTO public."Row" VALUES ('migration-row-ver-uQM_TxjEYEYQFjf6JLJmZ', 'migration-row-created-uQM_TxjEYEYQFjf6JLJmZ', 'migration-uQM_TxjEYEYQFjf6JLJmZ', true, '2026-01-06 14:08:29.699', '2026-01-06 14:08:29.699', '{"id": "2025-01-01T00:00:00.000Z", "hash": "e0a4410e5785220b2c91dc1a0a6bc441c3c67586", "schema": {"type": "object", "required": ["ver"], "properties": {"ver": {"type": "number", "default": 0}}, "additionalProperties": false}, "tableId": "uQM_TxjEYEYQFjf6JLJmZ", "changeType": "init"}', '{}', 'af8d306d241e04d6684d22a04a8f703a2c7fa443', '9c38033f32c114b3539c6577a27f7843d2ce3faa', '2025-01-01 00:00:00');
INSERT INTO public."Row" VALUES ('gH5iJ6kL7mN8oP9qR0sT1', 'created-sT8uV9wX0yZ1aB2cD3eF4', 'sT8uV9wX0yZ1aB2cD3eF4', true, '2026-01-06 14:08:29.942', '2026-01-06 14:08:29.942', '{"ver": 1}', '{}', 'a3a7750a754f5e34a35fe30b2254f578c8b4b7bb', 'e0a4410e5785220b2c91dc1a0a6bc441c3c67586', '2026-01-06 14:08:29.942');
INSERT INTO public."Row" VALUES ('uV2wX3yZ4aB5cD6eF7gH8', 'created-sT8uV9wX0yZ1aB2cD3eF4', 'sT8uV9wX0yZ1aB2cD3eF4', false, '2026-01-06 14:08:29.942', '2026-01-06 14:08:29.949', '{"ver": 2}', '{}', '6b372791a9dc821f110bc79a800f8b0676a4b5f8', 'e0a4410e5785220b2c91dc1a0a6bc441c3c67586', '2026-01-06 14:08:29.942');
INSERT INTO public."Row" VALUES ('xgwFGjfWK3e5anvqgLIYE', 'schema-row-created-CNS7l4T-y3ygd5S9wYleX', 'CNS7l4T-y3ygd5S9wYleX', true, '2026-01-06 14:08:29.736', '2026-01-06 14:08:29.736', '{"type": "object", "required": ["ver"], "properties": {"ver": {"type": "number", "default": 0}}, "additionalProperties": false}', '[{"date": "2026-01-06T14:08:29.735Z", "hash": "e0a4410e5785220b2c91dc1a0a6bc441c3c67586", "patches": [{"op": "add", "path": "", "value": {"type": "object", "required": ["ver"], "properties": {"ver": {"type": "number", "default": 0}}, "additionalProperties": false}}]}]', 'e0a4410e5785220b2c91dc1a0a6bc441c3c67586', 'da81399c4de738b499d0038c59aee6c22b1ac651', '2026-01-06 14:08:29.736');
INSERT INTO public."Row" VALUES ('migration-row-ver-CNS7l4T-y3ygd5S9wYleX', 'migration-row-created-CNS7l4T-y3ygd5S9wYleX', 'migration-CNS7l4T-y3ygd5S9wYleX', true, '2026-01-06 14:08:29.742', '2026-01-06 14:08:29.742', '{"id": "2025-01-01T00:00:00.000Z", "hash": "e0a4410e5785220b2c91dc1a0a6bc441c3c67586", "schema": {"type": "object", "required": ["ver"], "properties": {"ver": {"type": "number", "default": 0}}, "additionalProperties": false}, "tableId": "CNS7l4T-y3ygd5S9wYleX", "changeType": "init"}', '{}', 'b2c8f01b9c7089a9b60a81bb9eb192d44ff3931d', '9c38033f32c114b3539c6577a27f7843d2ce3faa', '2025-01-01 00:00:00');
INSERT INTO public."Row" VALUES ('1ns_ioMEOIVwtlqW9UDwo', 'created-dQEmMeAj-Z_FBFw6sq327', 'dQEmMeAj-Z_FBFw6sq327', true, '2026-01-06 14:08:29.746', '2026-01-06 14:08:29.746', '{"ver": 1}', '{}', 'a3a7750a754f5e34a35fe30b2254f578c8b4b7bb', 'e0a4410e5785220b2c91dc1a0a6bc441c3c67586', '2026-01-06 14:08:29.746');
INSERT INTO public."Row" VALUES ('E_EvB-84-ebLdiW-FdCGc', 'created-dQEmMeAj-Z_FBFw6sq327', 'dQEmMeAj-Z_FBFw6sq327', false, '2026-01-06 14:08:29.746', '2026-01-06 14:08:29.751', '{"ver": 2}', '{}', '6b372791a9dc821f110bc79a800f8b0676a4b5f8', 'e0a4410e5785220b2c91dc1a0a6bc441c3c67586', '2026-01-06 14:08:29.746');
INSERT INTO public."Row" VALUES ('SgPCfmTvve_pNGiEeanWL', 'schema-row-created-uISOgDAQwYTvkjtWptj0r', 'uISOgDAQwYTvkjtWptj0r', true, '2026-01-06 14:08:29.787', '2026-01-06 14:08:29.787', '{"type": "object", "required": ["ver"], "properties": {"ver": {"type": "number", "default": 0}}, "additionalProperties": false}', '[{"date": "2026-01-06T14:08:29.786Z", "hash": "e0a4410e5785220b2c91dc1a0a6bc441c3c67586", "patches": [{"op": "add", "path": "", "value": {"type": "object", "required": ["ver"], "properties": {"ver": {"type": "number", "default": 0}}, "additionalProperties": false}}]}]', 'e0a4410e5785220b2c91dc1a0a6bc441c3c67586', 'da81399c4de738b499d0038c59aee6c22b1ac651', '2026-01-06 14:08:29.787');
INSERT INTO public."Row" VALUES ('migration-row-ver-uISOgDAQwYTvkjtWptj0r', 'migration-row-created-uISOgDAQwYTvkjtWptj0r', 'migration-uISOgDAQwYTvkjtWptj0r', true, '2026-01-06 14:08:29.792', '2026-01-06 14:08:29.792', '{"id": "2025-01-01T00:00:00.000Z", "hash": "e0a4410e5785220b2c91dc1a0a6bc441c3c67586", "schema": {"type": "object", "required": ["ver"], "properties": {"ver": {"type": "number", "default": 0}}, "additionalProperties": false}, "tableId": "uISOgDAQwYTvkjtWptj0r", "changeType": "init"}', '{}', '2d538da6a3be5276d09615b3a6beb1a611564cfe', '9c38033f32c114b3539c6577a27f7843d2ce3faa', '2025-01-01 00:00:00');
INSERT INTO public."Row" VALUES ('iJ7kL8mN9oP0qR1sT2uV3', 'schema-row-created-sT6uV7wX8yZ9aB0cD1eF2', 'sT6uV7wX8yZ9aB0cD1eF2', true, '2026-01-06 14:08:29.828', '2026-01-06 14:08:29.828', '{"type": "object", "required": ["ver"], "properties": {"ver": {"type": "number", "default": 0}}, "additionalProperties": false}', '[{"date": "2026-01-06T14:08:29.827Z", "hash": "e0a4410e5785220b2c91dc1a0a6bc441c3c67586", "patches": [{"op": "add", "path": "", "value": {"type": "object", "required": ["ver"], "properties": {"ver": {"type": "number", "default": 0}}, "additionalProperties": false}}]}]', 'e0a4410e5785220b2c91dc1a0a6bc441c3c67586', 'da81399c4de738b499d0038c59aee6c22b1ac651', '2026-01-06 14:08:29.828');
INSERT INTO public."Row" VALUES ('migration-row-ver-sT6uV7wX8yZ9aB0cD1eF2', 'migration-row-created-sT6uV7wX8yZ9aB0cD1eF2', 'migration-sT6uV7wX8yZ9aB0cD1eF2', true, '2026-01-06 14:08:29.832', '2026-01-06 14:08:29.832', '{"id": "2025-01-01T00:00:00.000Z", "hash": "e0a4410e5785220b2c91dc1a0a6bc441c3c67586", "schema": {"type": "object", "required": ["ver"], "properties": {"ver": {"type": "number", "default": 0}}, "additionalProperties": false}, "tableId": "sT6uV7wX8yZ9aB0cD1eF2", "changeType": "init"}', '{}', '05a53e10976611137f14f6989bb0a9c2d07204b2', '9c38033f32c114b3539c6577a27f7843d2ce3faa', '2025-01-01 00:00:00');
INSERT INTO public."Row" VALUES ('kL1mN2oP3qR4sT5uV6wX7', 'created-wX4yZ5aB6cD7eF8gH9iJ0', 'wX4yZ5aB6cD7eF8gH9iJ0', true, '2026-01-06 14:08:29.835', '2026-01-06 14:08:29.835', '{"ver": 1}', '{}', 'a3a7750a754f5e34a35fe30b2254f578c8b4b7bb', 'e0a4410e5785220b2c91dc1a0a6bc441c3c67586', '2026-01-06 14:08:29.835');
INSERT INTO public."Row" VALUES ('yZ8aB9cD0eF1gH2iJ3kL4', 'created-wX4yZ5aB6cD7eF8gH9iJ0', 'wX4yZ5aB6cD7eF8gH9iJ0', false, '2026-01-06 14:08:29.835', '2026-01-06 14:08:29.841', '{"ver": 2}', '{}', '6b372791a9dc821f110bc79a800f8b0676a4b5f8', 'e0a4410e5785220b2c91dc1a0a6bc441c3c67586', '2026-01-06 14:08:29.835');
INSERT INTO public."Row" VALUES ('gH4iJ5kL6mN7oP8qR9sT0', 'schema-row-created-qR3sT4uV5wX6yZ7aB8cD9', 'qR3sT4uV5wX6yZ7aB8cD9', true, '2026-01-06 14:08:29.882', '2026-01-06 14:08:29.882', '{"type": "object", "required": ["ver"], "properties": {"ver": {"type": "number", "default": 0}}, "additionalProperties": false}', '[{"date": "2026-01-06T14:08:29.881Z", "hash": "e0a4410e5785220b2c91dc1a0a6bc441c3c67586", "patches": [{"op": "add", "path": "", "value": {"type": "object", "required": ["ver"], "properties": {"ver": {"type": "number", "default": 0}}, "additionalProperties": false}}]}]', 'e0a4410e5785220b2c91dc1a0a6bc441c3c67586', 'da81399c4de738b499d0038c59aee6c22b1ac651', '2026-01-06 14:08:29.882');
INSERT INTO public."Row" VALUES ('migration-row-ver-qR3sT4uV5wX6yZ7aB8cD9', 'migration-row-created-qR3sT4uV5wX6yZ7aB8cD9', 'migration-qR3sT4uV5wX6yZ7aB8cD9', true, '2026-01-06 14:08:29.887', '2026-01-06 14:08:29.887', '{"id": "2025-01-01T00:00:00.000Z", "hash": "e0a4410e5785220b2c91dc1a0a6bc441c3c67586", "schema": {"type": "object", "required": ["ver"], "properties": {"ver": {"type": "number", "default": 0}}, "additionalProperties": false}, "tableId": "qR3sT4uV5wX6yZ7aB8cD9", "changeType": "init"}', '{}', '143e6a8f67d96eaf1d876326743a5466b175e8b9', '9c38033f32c114b3539c6577a27f7843d2ce3faa', '2025-01-01 00:00:00');
INSERT INTO public."Row" VALUES ('iJ8kL9mN0oP1qR2sT3uV4', 'created-uV1wX2yZ3aB4cD5eF6gH7', 'uV1wX2yZ3aB4cD5eF6gH7', true, '2026-01-06 14:08:29.891', '2026-01-06 14:08:29.891', '{"ver": 1}', '{}', 'a3a7750a754f5e34a35fe30b2254f578c8b4b7bb', 'e0a4410e5785220b2c91dc1a0a6bc441c3c67586', '2026-01-06 14:08:29.891');
INSERT INTO public."Row" VALUES ('wX5yZ6aB7cD8eF9gH0iJ1', 'created-uV1wX2yZ3aB4cD5eF6gH7', 'uV1wX2yZ3aB4cD5eF6gH7', false, '2026-01-06 14:08:29.891', '2026-01-06 14:08:29.896', '{"ver": 2}', '{}', '6b372791a9dc821f110bc79a800f8b0676a4b5f8', 'e0a4410e5785220b2c91dc1a0a6bc441c3c67586', '2026-01-06 14:08:29.891');
INSERT INTO public."Row" VALUES ('eF1gH2iJ3kL4mN5oP6qR7', 'schema-row-created-oP0qR1sT2uV3wX4yZ5aB6', 'oP0qR1sT2uV3wX4yZ5aB6', true, '2026-01-06 14:08:29.933', '2026-01-06 14:08:29.933', '{"type": "object", "required": ["ver"], "properties": {"ver": {"type": "number", "default": 0}}, "additionalProperties": false}', '[{"date": "2026-01-06T14:08:29.932Z", "hash": "e0a4410e5785220b2c91dc1a0a6bc441c3c67586", "patches": [{"op": "add", "path": "", "value": {"type": "object", "required": ["ver"], "properties": {"ver": {"type": "number", "default": 0}}, "additionalProperties": false}}]}]', 'e0a4410e5785220b2c91dc1a0a6bc441c3c67586', 'da81399c4de738b499d0038c59aee6c22b1ac651', '2026-01-06 14:08:29.933');
INSERT INTO public."Row" VALUES ('migration-row-ver-oP0qR1sT2uV3wX4yZ5aB6', 'migration-row-created-oP0qR1sT2uV3wX4yZ5aB6', 'migration-oP0qR1sT2uV3wX4yZ5aB6', true, '2026-01-06 14:08:29.938', '2026-01-06 14:08:29.938', '{"id": "2025-01-01T00:00:00.000Z", "hash": "e0a4410e5785220b2c91dc1a0a6bc441c3c67586", "schema": {"type": "object", "required": ["ver"], "properties": {"ver": {"type": "number", "default": 0}}, "additionalProperties": false}, "tableId": "oP0qR1sT2uV3wX4yZ5aB6", "changeType": "init"}', '{}', '2e5c64933b10bf3100239b44f7e25847f0409b20', '9c38033f32c114b3539c6577a27f7843d2ce3faa', '2025-01-01 00:00:00');


--
-- Data for Name: Table; Type: TABLE DATA; Schema: public; Owner: prisma
--

INSERT INTO public."Table" VALUES ('dE9fG0hI1jK2lM3nO4pQ5', 'created-dE9fG0hI1jK2lM3nO4pQ5', 'revisium_schema_table', true, '2026-01-06 14:08:29.455', '2026-01-06 14:08:29.455', true);
INSERT INTO public."Table" VALUES ('rS6tU7vW8xY9zA0bC1dE2', 'created-rS6tU7vW8xY9zA0bC1dE2', 'revisium_migration_table', true, '2026-01-06 14:08:29.462', '2026-01-06 14:08:29.462', true);
INSERT INTO public."Table" VALUES ('2tK3oDiyOyreh8F8J8zuC', 'created-wrO0aSYi2w9JtHjbrQ5n3', 'wrO0aSYi2w9JtHjbrQ5n3', true, '2026-01-06 14:08:29.479', '2026-01-06 14:08:29.479', false);
INSERT INTO public."Table" VALUES ('Zoygu_fpkyfTF_hSloUgk', 'created-wrO0aSYi2w9JtHjbrQ5n3', 'wrO0aSYi2w9JtHjbrQ5n3', false, '2026-01-06 14:08:29.484', '2026-01-06 14:08:29.484', false);
INSERT INTO public."Table" VALUES ('hI7jK8lM9nO0pQ1rS2tU3', 'created-hI7jK8lM9nO0pQ1rS2tU3', 'revisium_schema_table', true, '2026-01-06 14:08:29.544', '2026-01-06 14:08:29.544', true);
INSERT INTO public."Table" VALUES ('vW4xY5zA6bC7dE8fG9hI0', 'created-vW4xY5zA6bC7dE8fG9hI0', 'revisium_migration_table', true, '2026-01-06 14:08:29.548', '2026-01-06 14:08:29.548', true);
INSERT INTO public."Table" VALUES ('fG3hI4jK5lM6nO7pQ8rS9', 'created-fG3hI4jK5lM6nO7pQ8rS9', 'revisium_schema_table', true, '2026-01-06 14:08:29.565', '2026-01-06 14:08:29.565', true);
INSERT INTO public."Table" VALUES ('tU0vW1xY2zA3bC4dE5fG6', 'created-tU0vW1xY2zA3bC4dE5fG6', 'revisium_migration_table', true, '2026-01-06 14:08:29.569', '2026-01-06 14:08:29.569', true);
INSERT INTO public."Table" VALUES ('rS5tU6vW7xY8zA9bC0dE1', 'created-dE8fG9hI0jK1lM2nO3pQ4', 'dE8fG9hI0jK1lM2nO3pQ4', true, '2026-01-06 14:08:29.584', '2026-01-06 14:08:29.584', false);
INSERT INTO public."Table" VALUES ('fG2hI3jK4lM5nO6pQ7rS8', 'created-dE8fG9hI0jK1lM2nO3pQ4', 'dE8fG9hI0jK1lM2nO3pQ4', false, '2026-01-06 14:08:29.588', '2026-01-06 14:08:29.588', false);
INSERT INTO public."Table" VALUES ('wCr1SchemaVersion00001', 'created-wCr1SchemaVersion00001', 'revisium_schema_table', true, '2026-01-06 14:08:29.617', '2026-01-06 14:08:29.617', true);
INSERT INTO public."Table" VALUES ('wCr1MigrationVersion01', 'created-wCr1MigrationVersion01', 'revisium_migration_table', true, '2026-01-06 14:08:29.621', '2026-01-06 14:08:29.621', true);
INSERT INTO public."Table" VALUES ('apEpPpGnyfHKVU9dKkhXU', 'created-Ir9PUw13LoYKVMdb9TDSJ', 'Ir9PUw13LoYKVMdb9TDSJ', true, '2026-01-06 14:08:29.633', '2026-01-06 14:08:29.633', false);
INSERT INTO public."Table" VALUES ('VYZV74V2uO-JK0DHwKwVC', 'created-Ir9PUw13LoYKVMdb9TDSJ', 'Ir9PUw13LoYKVMdb9TDSJ', false, '2026-01-06 14:08:29.637', '2026-01-06 14:08:29.637', false);
INSERT INTO public."Table" VALUES ('wDt1SchemaVersion00001', 'created-wDt1SchemaVersion00001', 'revisium_schema_table', true, '2026-01-06 14:08:29.668', '2026-01-06 14:08:29.668', true);
INSERT INTO public."Table" VALUES ('wDt1MigrationVersion01', 'created-wDt1MigrationVersion01', 'revisium_migration_table', true, '2026-01-06 14:08:29.672', '2026-01-06 14:08:29.672', true);
INSERT INTO public."Table" VALUES ('S1doOQCIXGSBeoSaWd9SN', 'created-uQM_TxjEYEYQFjf6JLJmZ', 'uQM_TxjEYEYQFjf6JLJmZ', true, '2026-01-06 14:08:29.684', '2026-01-06 14:08:29.684', false);
INSERT INTO public."Table" VALUES ('J4Obq1lWtVVLX-zBhqYFS', 'created-uQM_TxjEYEYQFjf6JLJmZ', 'uQM_TxjEYEYQFjf6JLJmZ', false, '2026-01-06 14:08:29.689', '2026-01-06 14:08:29.689', false);
INSERT INTO public."Table" VALUES ('wUt1SchemaVersion00001', 'created-wUt1SchemaVersion00001', 'revisium_schema_table', true, '2026-01-06 14:08:29.708', '2026-01-06 14:08:29.708', true);
INSERT INTO public."Table" VALUES ('wUt1MigrationVersion01', 'created-wUt1MigrationVersion01', 'revisium_migration_table', true, '2026-01-06 14:08:29.712', '2026-01-06 14:08:29.712', true);
INSERT INTO public."Table" VALUES ('5guLR4nw2KStOJXPwc2Dd', 'created-CNS7l4T-y3ygd5S9wYleX', 'CNS7l4T-y3ygd5S9wYleX', true, '2026-01-06 14:08:29.727', '2026-01-06 14:08:29.727', false);
INSERT INTO public."Table" VALUES ('Ug_TZTSDCAo6FMBq6c5oo', 'created-CNS7l4T-y3ygd5S9wYleX', 'CNS7l4T-y3ygd5S9wYleX', false, '2026-01-06 14:08:29.731', '2026-01-06 14:08:29.731', false);
INSERT INTO public."Table" VALUES ('wRt1SchemaVersion00001', 'created-wRt1SchemaVersion00001', 'revisium_schema_table', true, '2026-01-06 14:08:29.761', '2026-01-06 14:08:29.761', true);
INSERT INTO public."Table" VALUES ('wRt1MigrationVersion01', 'created-wRt1MigrationVersion01', 'revisium_migration_table', true, '2026-01-06 14:08:29.765', '2026-01-06 14:08:29.765', true);
INSERT INTO public."Table" VALUES ('Hz1PwoVYzRcAl9LB2mjrN', 'created-uISOgDAQwYTvkjtWptj0r', 'uISOgDAQwYTvkjtWptj0r', true, '2026-01-06 14:08:29.778', '2026-01-06 14:08:29.778', false);
INSERT INTO public."Table" VALUES ('lFuc-LRo8S78QQQWmAiR6', 'created-uISOgDAQwYTvkjtWptj0r', 'uISOgDAQwYTvkjtWptj0r', false, '2026-01-06 14:08:29.783', '2026-01-06 14:08:29.783', false);
INSERT INTO public."Table" VALUES ('wDr1SchemaVersion00001', 'created-wDr1SchemaVersion00001', 'revisium_schema_table', true, '2026-01-06 14:08:29.801', '2026-01-06 14:08:29.801', true);
INSERT INTO public."Table" VALUES ('wDr1MigrationVersion01', 'created-wDr1MigrationVersion01', 'revisium_migration_table', true, '2026-01-06 14:08:29.805', '2026-01-06 14:08:29.805', true);
INSERT INTO public."Table" VALUES ('gH3iJ4kL5mN6oP7qR8sT9', 'created-sT6uV7wX8yZ9aB0cD1eF2', 'sT6uV7wX8yZ9aB0cD1eF2', true, '2026-01-06 14:08:29.818', '2026-01-06 14:08:29.818', false);
INSERT INTO public."Table" VALUES ('uV0wX1yZ2aB3cD4eF5gH6', 'created-sT6uV7wX8yZ9aB0cD1eF2', 'sT6uV7wX8yZ9aB0cD1eF2', false, '2026-01-06 14:08:29.823', '2026-01-06 14:08:29.823', false);
INSERT INTO public."Table" VALUES ('wUr1SchemaVersion00001', 'created-wUr1SchemaVersion00001', 'revisium_schema_table', true, '2026-01-06 14:08:29.852', '2026-01-06 14:08:29.852', true);
INSERT INTO public."Table" VALUES ('wUr1MigrationVersion01', 'created-wUr1MigrationVersion01', 'revisium_migration_table', true, '2026-01-06 14:08:29.857', '2026-01-06 14:08:29.857', true);
INSERT INTO public."Table" VALUES ('eF0gH1iJ2kL3mN4oP5qR6', 'created-qR3sT4uV5wX6yZ7aB8cD9', 'qR3sT4uV5wX6yZ7aB8cD9', true, '2026-01-06 14:08:29.872', '2026-01-06 14:08:29.872', false);
INSERT INTO public."Table" VALUES ('sT7uV8wX9yZ0aB1cD2eF3', 'created-qR3sT4uV5wX6yZ7aB8cD9', 'qR3sT4uV5wX6yZ7aB8cD9', false, '2026-01-06 14:08:29.876', '2026-01-06 14:08:29.876', false);
INSERT INTO public."Table" VALUES ('wPr1SchemaVersion00001', 'created-wPr1SchemaVersion00001', 'revisium_schema_table', true, '2026-01-06 14:08:29.906', '2026-01-06 14:08:29.906', true);
INSERT INTO public."Table" VALUES ('wPr1MigrationVersion01', 'created-wPr1MigrationVersion01', 'revisium_migration_table', true, '2026-01-06 14:08:29.911', '2026-01-06 14:08:29.911', true);
INSERT INTO public."Table" VALUES ('cD7eF8gH9iJ0kL1mN2oP3', 'created-oP0qR1sT2uV3wX4yZ5aB6', 'oP0qR1sT2uV3wX4yZ5aB6', true, '2026-01-06 14:08:29.924', '2026-01-06 14:08:29.924', false);
INSERT INTO public."Table" VALUES ('qR4sT5uV6wX7yZ8aB9cD0', 'created-oP0qR1sT2uV3wX4yZ5aB6', 'oP0qR1sT2uV3wX4yZ5aB6', false, '2026-01-06 14:08:29.928', '2026-01-06 14:08:29.928', false);


--
-- Data for Name: User; Type: TABLE DATA; Schema: public; Owner: prisma
--

INSERT INTO public."User" VALUES ('admin', '2026-01-06 13:44:28.451', NULL, 'admin', '$2b$10$0kMC/.c/BR5apKiaLsRz6uiHDc2W4OPBSN1eMmxUi9H35x4sFlRTi', true, '', 'systemAdmin');
INSERT INTO public."User" VALUES ('endpoint', '2026-01-06 13:44:28.592', NULL, 'endpoint', '$2b$10$3uaVdtiGwmrDxOCAtdMqieZPNaNmJ32U8rNTbMVznxPq0HgheMHWm', true, '', 'systemFullApiRead');
INSERT INTO public."User" VALUES ('UHMKke7sDyDZhrOQRhKy_', '2026-01-06 14:08:29.426', NULL, 'owner-UHMKke7sDyDZhrOQRhKy_', '$2a$10$Uj1aVmkVJh4ZV9Ij54bFLexeFcYz71QtySoosQ5V.txpETjOgG0bW', true, '', 'systemUser');
INSERT INTO public."User" VALUES ('vu6r5-6mh-8ls2gtlR4X4', '2026-01-06 14:08:29.437', NULL, 'another-vu6r5-6mh-8ls2gtlR4X4', '$2a$10$Uj1aVmkVJh4ZV9Ij54bFLexeFcYz71QtySoosQ5V.txpETjOgG0bW', true, '', 'systemUser');


--
-- Data for Name: UserOrganization; Type: TABLE DATA; Schema: public; Owner: prisma
--

INSERT INTO public."UserOrganization" VALUES ('7-r24uyI4dFzvddh2mu4x', '2026-01-06 13:44:28.451', 'admin', 'admin', 'organizationOwner');
INSERT INTO public."UserOrganization" VALUES ('Nw5THstg4wE5QjVy3z0qe', '2026-01-06 13:44:28.592', 'endpoint', 'endpoint', 'organizationOwner');
INSERT INTO public."UserOrganization" VALUES ('uo-UHMKke7sDyDZhrOQRhKy_', '2026-01-06 14:08:29.429', 'WRRFGIJi_U0Wbv639wM-y', 'UHMKke7sDyDZhrOQRhKy_', 'organizationOwner');
INSERT INTO public."UserOrganization" VALUES ('uo-vu6r5-6mh-8ls2gtlR4X4', '2026-01-06 14:08:29.439', '1s3NYPiHnGEHGF8cin_Kp', 'vu6r5-6mh-8ls2gtlR4X4', 'organizationOwner');


--
-- Data for Name: UserProject; Type: TABLE DATA; Schema: public; Owner: prisma
--



--
-- Data for Name: _RevisionToTable; Type: TABLE DATA; Schema: public; Owner: prisma
--

INSERT INTO public."_RevisionToTable" VALUES ('E6WrA7L_B93MNN42dIg3Q', 'dE9fG0hI1jK2lM3nO4pQ5');
INSERT INTO public."_RevisionToTable" VALUES ('n8aMmbBqYplfL7O7WLc8P', 'dE9fG0hI1jK2lM3nO4pQ5');
INSERT INTO public."_RevisionToTable" VALUES ('E6WrA7L_B93MNN42dIg3Q', 'rS6tU7vW8xY9zA0bC1dE2');
INSERT INTO public."_RevisionToTable" VALUES ('n8aMmbBqYplfL7O7WLc8P', 'rS6tU7vW8xY9zA0bC1dE2');
INSERT INTO public."_RevisionToTable" VALUES ('E6WrA7L_B93MNN42dIg3Q', '2tK3oDiyOyreh8F8J8zuC');
INSERT INTO public."_RevisionToTable" VALUES ('n8aMmbBqYplfL7O7WLc8P', 'Zoygu_fpkyfTF_hSloUgk');
INSERT INTO public."_RevisionToTable" VALUES ('DUkYPC-rnytE3Uh1ArHTp', 'hI7jK8lM9nO0pQ1rS2tU3');
INSERT INTO public."_RevisionToTable" VALUES ('jollGC7SQjUst4nlp8CXE', 'hI7jK8lM9nO0pQ1rS2tU3');
INSERT INTO public."_RevisionToTable" VALUES ('DUkYPC-rnytE3Uh1ArHTp', 'vW4xY5zA6bC7dE8fG9hI0');
INSERT INTO public."_RevisionToTable" VALUES ('jollGC7SQjUst4nlp8CXE', 'vW4xY5zA6bC7dE8fG9hI0');
INSERT INTO public."_RevisionToTable" VALUES ('aB9cD4eF5gH6iJ7kL8mN0', 'fG3hI4jK5lM6nO7pQ8rS9');
INSERT INTO public."_RevisionToTable" VALUES ('pQ1rS2tU3vW4xY5zA6bC7', 'fG3hI4jK5lM6nO7pQ8rS9');
INSERT INTO public."_RevisionToTable" VALUES ('aB9cD4eF5gH6iJ7kL8mN0', 'tU0vW1xY2zA3bC4dE5fG6');
INSERT INTO public."_RevisionToTable" VALUES ('pQ1rS2tU3vW4xY5zA6bC7', 'tU0vW1xY2zA3bC4dE5fG6');
INSERT INTO public."_RevisionToTable" VALUES ('aB9cD4eF5gH6iJ7kL8mN0', 'rS5tU6vW7xY8zA9bC0dE1');
INSERT INTO public."_RevisionToTable" VALUES ('pQ1rS2tU3vW4xY5zA6bC7', 'fG2hI3jK4lM5nO6pQ7rS8');
INSERT INTO public."_RevisionToTable" VALUES ('QZNj6GXGDgrg5sITsPE9O', 'wCr1SchemaVersion00001');
INSERT INTO public."_RevisionToTable" VALUES ('2fh7DsyGgpwRE3fQ0GT8a', 'wCr1SchemaVersion00001');
INSERT INTO public."_RevisionToTable" VALUES ('QZNj6GXGDgrg5sITsPE9O', 'wCr1MigrationVersion01');
INSERT INTO public."_RevisionToTable" VALUES ('2fh7DsyGgpwRE3fQ0GT8a', 'wCr1MigrationVersion01');
INSERT INTO public."_RevisionToTable" VALUES ('QZNj6GXGDgrg5sITsPE9O', 'apEpPpGnyfHKVU9dKkhXU');
INSERT INTO public."_RevisionToTable" VALUES ('2fh7DsyGgpwRE3fQ0GT8a', 'VYZV74V2uO-JK0DHwKwVC');
INSERT INTO public."_RevisionToTable" VALUES ('rK-oGa5s1A8a8uT7Qy5bY', 'wDt1SchemaVersion00001');
INSERT INTO public."_RevisionToTable" VALUES ('Bg7MWbyznSfdNViuXlzE1', 'wDt1SchemaVersion00001');
INSERT INTO public."_RevisionToTable" VALUES ('rK-oGa5s1A8a8uT7Qy5bY', 'wDt1MigrationVersion01');
INSERT INTO public."_RevisionToTable" VALUES ('Bg7MWbyznSfdNViuXlzE1', 'wDt1MigrationVersion01');
INSERT INTO public."_RevisionToTable" VALUES ('rK-oGa5s1A8a8uT7Qy5bY', 'S1doOQCIXGSBeoSaWd9SN');
INSERT INTO public."_RevisionToTable" VALUES ('Bg7MWbyznSfdNViuXlzE1', 'J4Obq1lWtVVLX-zBhqYFS');
INSERT INTO public."_RevisionToTable" VALUES ('E-u1LVafQ6jo75IYCDnQr', 'wUt1SchemaVersion00001');
INSERT INTO public."_RevisionToTable" VALUES ('0IrNgXtPLYu0fidXPywDw', 'wUt1SchemaVersion00001');
INSERT INTO public."_RevisionToTable" VALUES ('E-u1LVafQ6jo75IYCDnQr', 'wUt1MigrationVersion01');
INSERT INTO public."_RevisionToTable" VALUES ('0IrNgXtPLYu0fidXPywDw', 'wUt1MigrationVersion01');
INSERT INTO public."_RevisionToTable" VALUES ('E-u1LVafQ6jo75IYCDnQr', '5guLR4nw2KStOJXPwc2Dd');
INSERT INTO public."_RevisionToTable" VALUES ('0IrNgXtPLYu0fidXPywDw', 'Ug_TZTSDCAo6FMBq6c5oo');
INSERT INTO public."_RevisionToTable" VALUES ('nPZ9gwvHnZl8DQet_JNq3', 'wRt1SchemaVersion00001');
INSERT INTO public."_RevisionToTable" VALUES ('-sm02t97UULO9qi95xrKv', 'wRt1SchemaVersion00001');
INSERT INTO public."_RevisionToTable" VALUES ('nPZ9gwvHnZl8DQet_JNq3', 'wRt1MigrationVersion01');
INSERT INTO public."_RevisionToTable" VALUES ('-sm02t97UULO9qi95xrKv', 'wRt1MigrationVersion01');
INSERT INTO public."_RevisionToTable" VALUES ('nPZ9gwvHnZl8DQet_JNq3', 'Hz1PwoVYzRcAl9LB2mjrN');
INSERT INTO public."_RevisionToTable" VALUES ('-sm02t97UULO9qi95xrKv', 'lFuc-LRo8S78QQQWmAiR6');
INSERT INTO public."_RevisionToTable" VALUES ('xR2sT3uV4wX5yZ6aB7cD8', 'wDr1SchemaVersion00001');
INSERT INTO public."_RevisionToTable" VALUES ('eF9gH0iJ1kL2mN3oP4qR5', 'wDr1SchemaVersion00001');
INSERT INTO public."_RevisionToTable" VALUES ('xR2sT3uV4wX5yZ6aB7cD8', 'wDr1MigrationVersion01');
INSERT INTO public."_RevisionToTable" VALUES ('eF9gH0iJ1kL2mN3oP4qR5', 'wDr1MigrationVersion01');
INSERT INTO public."_RevisionToTable" VALUES ('xR2sT3uV4wX5yZ6aB7cD8', 'gH3iJ4kL5mN6oP7qR8sT9');
INSERT INTO public."_RevisionToTable" VALUES ('eF9gH0iJ1kL2mN3oP4qR5', 'uV0wX1yZ2aB3cD4eF5gH6');
INSERT INTO public."_RevisionToTable" VALUES ('oP9qR0sT1uV2wX3yZ4aB5', 'wUr1SchemaVersion00001');
INSERT INTO public."_RevisionToTable" VALUES ('cD6eF7gH8iJ9kL0mN1oP2', 'wUr1SchemaVersion00001');
INSERT INTO public."_RevisionToTable" VALUES ('oP9qR0sT1uV2wX3yZ4aB5', 'wUr1MigrationVersion01');
INSERT INTO public."_RevisionToTable" VALUES ('cD6eF7gH8iJ9kL0mN1oP2', 'wUr1MigrationVersion01');
INSERT INTO public."_RevisionToTable" VALUES ('oP9qR0sT1uV2wX3yZ4aB5', 'eF0gH1iJ2kL3mN4oP5qR6');
INSERT INTO public."_RevisionToTable" VALUES ('cD6eF7gH8iJ9kL0mN1oP2', 'sT7uV8wX9yZ0aB1cD2eF3');
INSERT INTO public."_RevisionToTable" VALUES ('mN6oP7qR8sT9uV0wX1yZ2', 'wPr1SchemaVersion00001');
INSERT INTO public."_RevisionToTable" VALUES ('aB3cD4eF5gH6iJ7kL8mN9', 'wPr1SchemaVersion00001');
INSERT INTO public."_RevisionToTable" VALUES ('mN6oP7qR8sT9uV0wX1yZ2', 'wPr1MigrationVersion01');
INSERT INTO public."_RevisionToTable" VALUES ('aB3cD4eF5gH6iJ7kL8mN9', 'wPr1MigrationVersion01');
INSERT INTO public."_RevisionToTable" VALUES ('mN6oP7qR8sT9uV0wX1yZ2', 'cD7eF8gH9iJ0kL1mN2oP3');
INSERT INTO public."_RevisionToTable" VALUES ('aB3cD4eF5gH6iJ7kL8mN9', 'qR4sT5uV6wX7yZ8aB9cD0');


--
-- Data for Name: _RowToTable; Type: TABLE DATA; Schema: public; Owner: prisma
--

INSERT INTO public."_RowToTable" VALUES ('2M4XhEuTAgQsWJZqGrxxZ', 'dE9fG0hI1jK2lM3nO4pQ5');
INSERT INTO public."_RowToTable" VALUES ('migration-row-ver-wrO0aSYi2w9JtHjbrQ5n3', 'rS6tU7vW8xY9zA0bC1dE2');
INSERT INTO public."_RowToTable" VALUES ('lXlpO_5Vo6xqf_RB6zOLk', '2tK3oDiyOyreh8F8J8zuC');
INSERT INTO public."_RowToTable" VALUES ('dwli2JJoW6yp75T7xlHRt', 'Zoygu_fpkyfTF_hSloUgk');
INSERT INTO public."_RowToTable" VALUES ('cD5eF6gH7iJ8kL9mN0oP1', '2tK3oDiyOyreh8F8J8zuC');
INSERT INTO public."_RowToTable" VALUES ('qR2sT3uV4wX5yZ6aB7cD8', 'Zoygu_fpkyfTF_hSloUgk');
INSERT INTO public."_RowToTable" VALUES ('sT6uV7wX8yZ9aB0cD1eF2', '2tK3oDiyOyreh8F8J8zuC');
INSERT INTO public."_RowToTable" VALUES ('gH3iJ4kL5mN6oP7qR8sT9', 'Zoygu_fpkyfTF_hSloUgk');
INSERT INTO public."_RowToTable" VALUES ('tU9vW0xY1zA2bC3dE4fG5', 'fG3hI4jK5lM6nO7pQ8rS9');
INSERT INTO public."_RowToTable" VALUES ('migration-row-ver-dE8fG9hI0jK1lM2nO3pQ4', 'tU0vW1xY2zA3bC4dE5fG6');
INSERT INTO public."_RowToTable" VALUES ('vW3xY4zA5bC6dE7fG8hI9', 'rS5tU6vW7xY8zA9bC0dE1');
INSERT INTO public."_RowToTable" VALUES ('jK0lM1nO2pQ3rS4tU5vW6', 'fG2hI3jK4lM5nO6pQ7rS8');
INSERT INTO public."_RowToTable" VALUES ('1NdwbFXm03KCx4N5vKHhQ', 'wCr1SchemaVersion00001');
INSERT INTO public."_RowToTable" VALUES ('migration-row-ver-Ir9PUw13LoYKVMdb9TDSJ', 'wCr1MigrationVersion01');
INSERT INTO public."_RowToTable" VALUES ('c-vr5grVmT_mB6ucajIP2', 'apEpPpGnyfHKVU9dKkhXU');
INSERT INTO public."_RowToTable" VALUES ('UBmpglIY_izLFmjNXk_hB', 'VYZV74V2uO-JK0DHwKwVC');
INSERT INTO public."_RowToTable" VALUES ('AeA0WjtvEgKaaicslfxX7', 'wDt1SchemaVersion00001');
INSERT INTO public."_RowToTable" VALUES ('migration-row-ver-uQM_TxjEYEYQFjf6JLJmZ', 'wDt1MigrationVersion01');
INSERT INTO public."_RowToTable" VALUES ('xgwFGjfWK3e5anvqgLIYE', 'wUt1SchemaVersion00001');
INSERT INTO public."_RowToTable" VALUES ('migration-row-ver-CNS7l4T-y3ygd5S9wYleX', 'wUt1MigrationVersion01');
INSERT INTO public."_RowToTable" VALUES ('1ns_ioMEOIVwtlqW9UDwo', '5guLR4nw2KStOJXPwc2Dd');
INSERT INTO public."_RowToTable" VALUES ('E_EvB-84-ebLdiW-FdCGc', 'Ug_TZTSDCAo6FMBq6c5oo');
INSERT INTO public."_RowToTable" VALUES ('SgPCfmTvve_pNGiEeanWL', 'wRt1SchemaVersion00001');
INSERT INTO public."_RowToTable" VALUES ('migration-row-ver-uISOgDAQwYTvkjtWptj0r', 'wRt1MigrationVersion01');
INSERT INTO public."_RowToTable" VALUES ('iJ7kL8mN9oP0qR1sT2uV3', 'wDr1SchemaVersion00001');
INSERT INTO public."_RowToTable" VALUES ('migration-row-ver-sT6uV7wX8yZ9aB0cD1eF2', 'wDr1MigrationVersion01');
INSERT INTO public."_RowToTable" VALUES ('kL1mN2oP3qR4sT5uV6wX7', 'gH3iJ4kL5mN6oP7qR8sT9');
INSERT INTO public."_RowToTable" VALUES ('yZ8aB9cD0eF1gH2iJ3kL4', 'uV0wX1yZ2aB3cD4eF5gH6');
INSERT INTO public."_RowToTable" VALUES ('gH4iJ5kL6mN7oP8qR9sT0', 'wUr1SchemaVersion00001');
INSERT INTO public."_RowToTable" VALUES ('migration-row-ver-qR3sT4uV5wX6yZ7aB8cD9', 'wUr1MigrationVersion01');
INSERT INTO public."_RowToTable" VALUES ('iJ8kL9mN0oP1qR2sT3uV4', 'eF0gH1iJ2kL3mN4oP5qR6');
INSERT INTO public."_RowToTable" VALUES ('wX5yZ6aB7cD8eF9gH0iJ1', 'sT7uV8wX9yZ0aB1cD2eF3');
INSERT INTO public."_RowToTable" VALUES ('eF1gH2iJ3kL4mN5oP6qR7', 'wPr1SchemaVersion00001');
INSERT INTO public."_RowToTable" VALUES ('migration-row-ver-oP0qR1sT2uV3wX4yZ5aB6', 'wPr1MigrationVersion01');
INSERT INTO public."_RowToTable" VALUES ('gH5iJ6kL7mN8oP9qR0sT1', 'cD7eF8gH9iJ0kL1mN2oP3');
INSERT INTO public."_RowToTable" VALUES ('uV2wX3yZ4aB5cD6eF7gH8', 'qR4sT5uV6wX7yZ8aB9cD0');


--
-- Name: Revision_sequence_seq; Type: SEQUENCE SET; Schema: public; Owner: prisma
--

SELECT pg_catalog.setval('public."Revision_sequence_seq"', 20, true);


--
-- PostgreSQL database dump complete
--

\unrestrict KdUbssJFxiD8gOCnixtHkScbReTkXnl5zhhUynUgh9Ua7vL0oRbVmLMp7ed5T6D

